skill	source_label	source_path	target_path
aihubmix-image-gen	h-t7-active	H:\T7\codex_skills\skills\aihubmix-image-gen	H:\T7\codex_downloads\repos\WyattJY-claude-skills\skills\aihubmix-image-gen
backend-blueprint	h-t7-active	H:\T7\codex_skills\skills\backend-blueprint	H:\T7\codex_downloads\repos\WyattJY-claude-skills\skills\backend-blueprint
case-archiver	h-t7-active	H:\T7\codex_skills\skills\case-archiver	H:\T7\codex_downloads\repos\WyattJY-claude-skills\skills\case-archiver
case-router	h-t7-active	H:\T7\codex_skills\skills\case-router	H:\T7\codex_downloads\repos\WyattJY-claude-skills\skills\case-router
dataset-profiler	h-t7-active	H:\T7\codex_skills\skills\dataset-profiler	H:\T7\codex_downloads\repos\WyattJY-claude-skills\skills\dataset-profiler
dual-review	h-t7-active	H:\T7\codex_skills\skills\dual-review	H:\T7\codex_downloads\repos\WyattJY-claude-skills\skills\dual-review
hikvision-codec-stage1	h-t7-active	H:\T7\codex_skills\skills\hikvision-codec-stage1	H:\T7\codex_downloads\repos\WyattJY-claude-skills\skills\hikvision-codec-stage1
hk-intership	h-t7-active	H:\T7\codex_skills\skills\hk-intership	H:\T7\codex_downloads\repos\WyattJY-claude-skills\skills\hk-intership
paper-digest	h-t7-active	H:\T7\codex_skills\skills\paper-digest	H:\T7\codex_downloads\repos\WyattJY-claude-skills\skills\paper-digest
prompt-rewriter	h-t7-active	H:\T7\codex_skills\skills\prompt-rewriter	H:\T7\codex_downloads\repos\WyattJY-claude-skills\skills\prompt-rewriter
server-observation-loop	h-t7-active	H:\T7\codex_skills\skills\server-observation-loop	H:\T7\codex_downloads\repos\WyattJY-claude-skills\skills\server-observation-loop
ship-package	h-t7-active	H:\T7\codex_skills\skills\ship-package	H:\T7\codex_downloads\repos\WyattJY-claude-skills\skills\ship-package
ui-trends-watcher	h-t7-active	H:\T7\codex_skills\skills\ui-trends-watcher	H:\T7\codex_downloads\repos\WyattJY-claude-skills\skills\ui-trends-watcher
weixin-daily-push	h-t7-active	H:\T7\codex_skills\skills\weixin-daily-push	H:\T7\codex_downloads\repos\WyattJY-claude-skills\skills\weixin-daily-push
wyatt-product-team	h-t7-active	H:\T7\codex_skills\skills\wyatt-product-team	H:\T7\codex_downloads\repos\WyattJY-claude-skills\skills\wyatt-product-team
image-tech-md-rebuilder	personal-codex	C:\Users\18357\.codex\skills\image-tech-md-rebuilder	H:\T7\codex_downloads\repos\WyattJY-claude-skills\skills\image-tech-md-rebuilder
jiangyu-word-report-style	personal-codex	C:\Users\18357\.codex\skills\jiangyu-word-report-style	H:\T7\codex_downloads\repos\WyattJY-claude-skills\skills\jiangyu-word-report-style
mean-reviewer	personal-codex	C:\Users\18357\.codex\skills\mean-reviewer	H:\T7\codex_downloads\repos\WyattJY-claude-skills\skills\mean-reviewer
neat-freak	personal-codex	C:\Users\18357\.codex\skills\neat-freak	H:\T7\codex_downloads\repos\WyattJY-claude-skills\skills\neat-freak
nwafu-reference-list-md-docx	personal-codex	C:\Users\18357\.codex\skills\nwafu-reference-list-md-docx	H:\T7\codex_downloads\repos\WyattJY-claude-skills\skills\nwafu-reference-list-md-docx
nwafu-thesis-writing	personal-codex	C:\Users\18357\.codex\skills\nwafu-thesis-writing	H:\T7\codex_downloads\repos\WyattJY-claude-skills\skills\nwafu-thesis-writing
pptx	personal-codex	C:\Users\18357\.codex\skills\pptx	H:\T7\codex_downloads\repos\WyattJY-claude-skills\skills\pptx
research-analysis-subagent	personal-codex	C:\Users\18357\.codex\skills\research-analysis-subagent	H:\T7\codex_downloads\repos\WyattJY-claude-skills\skills\research-analysis-subagent
research-workflow	personal-codex	C:\Users\18357\.codex\skills\research-workflow	H:\T7\codex_downloads\repos\WyattJY-claude-skills\skills\research-workflow
thesis-technical-route-drawio	personal-codex	C:\Users\18357\.codex\skills\thesis-technical-route-drawio	H:\T7\codex_downloads\repos\WyattJY-claude-skills\skills\thesis-technical-route-drawio
thesis-three-line-tables	personal-codex	C:\Users\18357\.codex\skills\thesis-three-line-tables	H:\T7\codex_downloads\repos\WyattJY-claude-skills\skills\thesis-three-line-tables
lark-approval	agents	C:\Users\18357\.agents\skills\lark-approval	H:\T7\codex_downloads\repos\WyattJY-claude-skills\skills\lark-approval
lark-attendance	agents	C:\Users\18357\.agents\skills\lark-attendance	H:\T7\codex_downloads\repos\WyattJY-claude-skills\skills\lark-attendance
lark-base	agents	C:\Users\18357\.agents\skills\lark-base	H:\T7\codex_downloads\repos\WyattJY-claude-skills\skills\lark-base
lark-calendar	agents	C:\Users\18357\.agents\skills\lark-calendar	H:\T7\codex_downloads\repos\WyattJY-claude-skills\skills\lark-calendar
lark-contact	agents	C:\Users\18357\.agents\skills\lark-contact	H:\T7\codex_downloads\repos\WyattJY-claude-skills\skills\lark-contact
lark-doc	agents	C:\Users\18357\.agents\skills\lark-doc	H:\T7\codex_downloads\repos\WyattJY-claude-skills\skills\lark-doc
lark-drive	agents	C:\Users\18357\.agents\skills\lark-drive	H:\T7\codex_downloads\repos\WyattJY-claude-skills\skills\lark-drive
lark-event	agents	C:\Users\18357\.agents\skills\lark-event	H:\T7\codex_downloads\repos\WyattJY-claude-skills\skills\lark-event
lark-im	agents	C:\Users\18357\.agents\skills\lark-im	H:\T7\codex_downloads\repos\WyattJY-claude-skills\skills\lark-im
lark-mail	agents	C:\Users\18357\.agents\skills\lark-mail	H:\T7\codex_downloads\repos\WyattJY-claude-skills\skills\lark-mail
lark-markdown	agents	C:\Users\18357\.agents\skills\lark-markdown	H:\T7\codex_downloads\repos\WyattJY-claude-skills\skills\lark-markdown
lark-minutes	agents	C:\Users\18357\.agents\skills\lark-minutes	H:\T7\codex_downloads\repos\WyattJY-claude-skills\skills\lark-minutes
lark-okr	agents	C:\Users\18357\.agents\skills\lark-okr	H:\T7\codex_downloads\repos\WyattJY-claude-skills\skills\lark-okr
lark-openapi-explorer	agents	C:\Users\18357\.agents\skills\lark-openapi-explorer	H:\T7\codex_downloads\repos\WyattJY-claude-skills\skills\lark-openapi-explorer
lark-shared	agents	C:\Users\18357\.agents\skills\lark-shared	H:\T7\codex_downloads\repos\WyattJY-claude-skills\skills\lark-shared
lark-sheets	agents	C:\Users\18357\.agents\skills\lark-sheets	H:\T7\codex_downloads\repos\WyattJY-claude-skills\skills\lark-sheets
lark-skill-maker	agents	C:\Users\18357\.agents\skills\lark-skill-maker	H:\T7\codex_downloads\repos\WyattJY-claude-skills\skills\lark-skill-maker
lark-slides	agents	C:\Users\18357\.agents\skills\lark-slides	H:\T7\codex_downloads\repos\WyattJY-claude-skills\skills\lark-slides
lark-task	agents	C:\Users\18357\.agents\skills\lark-task	H:\T7\codex_downloads\repos\WyattJY-claude-skills\skills\lark-task
lark-vc	agents	C:\Users\18357\.agents\skills\lark-vc	H:\T7\codex_downloads\repos\WyattJY-claude-skills\skills\lark-vc
lark-whiteboard	agents	C:\Users\18357\.agents\skills\lark-whiteboard	H:\T7\codex_downloads\repos\WyattJY-claude-skills\skills\lark-whiteboard
lark-wiki	agents	C:\Users\18357\.agents\skills\lark-wiki	H:\T7\codex_downloads\repos\WyattJY-claude-skills\skills\lark-wiki
lark-workflow-meeting-summary	agents	C:\Users\18357\.agents\skills\lark-workflow-meeting-summary	H:\T7\codex_downloads\repos\WyattJY-claude-skills\skills\lark-workflow-meeting-summary
lark-workflow-standup-report	agents	C:\Users\18357\.agents\skills\lark-workflow-standup-report	H:\T7\codex_downloads\repos\WyattJY-claude-skills\skills\lark-workflow-standup-report
