"Skill"	"Status"	"InstalledPath"	"LinkType"	"Target"
"aihubmix-image-gen"	"pass"	"C:\Users\18357\.claude\skills\aihubmix-image-gen"	"Junction"	"H:\T7\codex_downloads\repos\WyattJY-claude-skills\skills\aihubmix-image-gen"
"backend-blueprint"	"pass"	"C:\Users\18357\.claude\skills\backend-blueprint"	"Junction"	"H:\T7\codex_downloads\repos\WyattJY-claude-skills\skills\backend-blueprint"
"case-archiver"	"pass"	"C:\Users\18357\.claude\skills\case-archiver"	"Junction"	"H:\T7\codex_downloads\repos\WyattJY-claude-skills\skills\case-archiver"
"case-router"	"pass"	"C:\Users\18357\.claude\skills\case-router"	"Junction"	"H:\T7\codex_downloads\repos\WyattJY-claude-skills\skills\case-router"
"dataset-profiler"	"pass"	"C:\Users\18357\.claude\skills\dataset-profiler"	"Junction"	"H:\T7\codex_downloads\repos\WyattJY-claude-skills\skills\dataset-profiler"
"dual-review"	"pass"	"C:\Users\18357\.claude\skills\dual-review"	"Junction"	"H:\T7\codex_downloads\repos\WyattJY-claude-skills\skills\dual-review"
"hikvision-codec-stage1"	"pass"	"C:\Users\18357\.claude\skills\hikvision-codec-stage1"	"Junction"	"H:\T7\codex_downloads\repos\WyattJY-claude-skills\skills\hikvision-codec-stage1"
"hk-intership"	"pass"	"C:\Users\18357\.claude\skills\hk-intership"	"Junction"	"H:\T7\codex_downloads\repos\WyattJY-claude-skills\skills\hk-intership"
"image-tech-md-rebuilder"	"pass"	"C:\Users\18357\.claude\skills\image-tech-md-rebuilder"	"Junction"	"H:\T7\codex_downloads\repos\WyattJY-claude-skills\skills\image-tech-md-rebuilder"
"jiangyu-word-report-style"	"pass"	"C:\Users\18357\.claude\skills\jiangyu-word-report-style"	"Junction"	"H:\T7\codex_downloads\repos\WyattJY-claude-skills\skills\jiangyu-word-report-style"
"lark-approval"	"pass"	"C:\Users\18357\.claude\skills\lark-approval"	"Junction"	"H:\T7\codex_downloads\repos\WyattJY-claude-skills\skills\lark-approval"
"lark-attendance"	"pass"	"C:\Users\18357\.claude\skills\lark-attendance"	"Junction"	"H:\T7\codex_downloads\repos\WyattJY-claude-skills\skills\lark-attendance"
"lark-base"	"pass"	"C:\Users\18357\.claude\skills\lark-base"	"Junction"	"H:\T7\codex_downloads\repos\WyattJY-claude-skills\skills\lark-base"
"lark-calendar"	"pass"	"C:\Users\18357\.claude\skills\lark-calendar"	"Junction"	"H:\T7\codex_downloads\repos\WyattJY-claude-skills\skills\lark-calendar"
"lark-contact"	"pass"	"C:\Users\18357\.claude\skills\lark-contact"	"Junction"	"H:\T7\codex_downloads\repos\WyattJY-claude-skills\skills\lark-contact"
"lark-doc"	"pass"	"C:\Users\18357\.claude\skills\lark-doc"	"Junction"	"H:\T7\codex_downloads\repos\WyattJY-claude-skills\skills\lark-doc"
"lark-drive"	"pass"	"C:\Users\18357\.claude\skills\lark-drive"	"Junction"	"H:\T7\codex_downloads\repos\WyattJY-claude-skills\skills\lark-drive"
"lark-event"	"pass"	"C:\Users\18357\.claude\skills\lark-event"	"Junction"	"H:\T7\codex_downloads\repos\WyattJY-claude-skills\skills\lark-event"
"lark-im"	"pass"	"C:\Users\18357\.claude\skills\lark-im"	"Junction"	"H:\T7\codex_downloads\repos\WyattJY-claude-skills\skills\lark-im"
"lark-mail"	"pass"	"C:\Users\18357\.claude\skills\lark-mail"	"Junction"	"H:\T7\codex_downloads\repos\WyattJY-claude-skills\skills\lark-mail"
"lark-markdown"	"pass"	"C:\Users\18357\.claude\skills\lark-markdown"	"Junction"	"H:\T7\codex_downloads\repos\WyattJY-claude-skills\skills\lark-markdown"
"lark-minutes"	"pass"	"C:\Users\18357\.claude\skills\lark-minutes"	"Junction"	"H:\T7\codex_downloads\repos\WyattJY-claude-skills\skills\lark-minutes"
"lark-okr"	"pass"	"C:\Users\18357\.claude\skills\lark-okr"	"Junction"	"H:\T7\codex_downloads\repos\WyattJY-claude-skills\skills\lark-okr"
"lark-openapi-explorer"	"pass"	"C:\Users\18357\.claude\skills\lark-openapi-explorer"	"Junction"	"H:\T7\codex_downloads\repos\WyattJY-claude-skills\skills\lark-openapi-explorer"
"lark-shared"	"pass"	"C:\Users\18357\.claude\skills\lark-shared"	"Junction"	"H:\T7\codex_downloads\repos\WyattJY-claude-skills\skills\lark-shared"
"lark-sheets"	"pass"	"C:\Users\18357\.claude\skills\lark-sheets"	"Junction"	"H:\T7\codex_downloads\repos\WyattJY-claude-skills\skills\lark-sheets"
"lark-skill-maker"	"pass"	"C:\Users\18357\.claude\skills\lark-skill-maker"	"Junction"	"H:\T7\codex_downloads\repos\WyattJY-claude-skills\skills\lark-skill-maker"
"lark-slides"	"pass"	"C:\Users\18357\.claude\skills\lark-slides"	"Junction"	"H:\T7\codex_downloads\repos\WyattJY-claude-skills\skills\lark-slides"
"lark-task"	"pass"	"C:\Users\18357\.claude\skills\lark-task"	"Junction"	"H:\T7\codex_downloads\repos\WyattJY-claude-skills\skills\lark-task"
"lark-vc"	"pass"	"C:\Users\18357\.claude\skills\lark-vc"	"Junction"	"H:\T7\codex_downloads\repos\WyattJY-claude-skills\skills\lark-vc"
"lark-whiteboard"	"pass"	"C:\Users\18357\.claude\skills\lark-whiteboard"	"Junction"	"H:\T7\codex_downloads\repos\WyattJY-claude-skills\skills\lark-whiteboard"
"lark-wiki"	"pass"	"C:\Users\18357\.claude\skills\lark-wiki"	"Junction"	"H:\T7\codex_downloads\repos\WyattJY-claude-skills\skills\lark-wiki"
"lark-workflow-meeting-summary"	"pass"	"C:\Users\18357\.claude\skills\lark-workflow-meeting-summary"	"Junction"	"H:\T7\codex_downloads\repos\WyattJY-claude-skills\skills\lark-workflow-meeting-summary"
"lark-workflow-standup-report"	"pass"	"C:\Users\18357\.claude\skills\lark-workflow-standup-report"	"Junction"	"H:\T7\codex_downloads\repos\WyattJY-claude-skills\skills\lark-workflow-standup-report"
"mean-reviewer"	"pass"	"C:\Users\18357\.claude\skills\mean-reviewer"	"Junction"	"H:\T7\codex_downloads\repos\WyattJY-claude-skills\skills\mean-reviewer"
"neat-freak"	"pass"	"C:\Users\18357\.claude\skills\neat-freak"	"Junction"	"H:\T7\codex_downloads\repos\WyattJY-claude-skills\skills\neat-freak"
"nwafu-reference-list-md-docx"	"pass"	"C:\Users\18357\.claude\skills\nwafu-reference-list-md-docx"	"Junction"	"H:\T7\codex_downloads\repos\WyattJY-claude-skills\skills\nwafu-reference-list-md-docx"
"nwafu-thesis-writing"	"pass"	"C:\Users\18357\.claude\skills\nwafu-thesis-writing"	"Junction"	"H:\T7\codex_downloads\repos\WyattJY-claude-skills\skills\nwafu-thesis-writing"
"paper-digest"	"pass"	"C:\Users\18357\.claude\skills\paper-digest"	"Junction"	"H:\T7\codex_downloads\repos\WyattJY-claude-skills\skills\paper-digest"
"pptx"	"pass"	"C:\Users\18357\.claude\skills\pptx"	"Junction"	"H:\T7\codex_downloads\repos\WyattJY-claude-skills\skills\pptx"
"prompt-rewriter"	"pass"	"C:\Users\18357\.claude\skills\prompt-rewriter"	"Junction"	"H:\T7\codex_downloads\repos\WyattJY-claude-skills\skills\prompt-rewriter"
"research-analysis-subagent"	"pass"	"C:\Users\18357\.claude\skills\research-analysis-subagent"	"Junction"	"H:\T7\codex_downloads\repos\WyattJY-claude-skills\skills\research-analysis-subagent"
"research-workflow"	"pass"	"C:\Users\18357\.claude\skills\research-workflow"	"Junction"	"H:\T7\codex_downloads\repos\WyattJY-claude-skills\skills\research-workflow"
"server-observation-loop"	"pass"	"C:\Users\18357\.claude\skills\server-observation-loop"	"Junction"	"H:\T7\codex_downloads\repos\WyattJY-claude-skills\skills\server-observation-loop"
"ship-package"	"pass"	"C:\Users\18357\.claude\skills\ship-package"	"Junction"	"H:\T7\codex_downloads\repos\WyattJY-claude-skills\skills\ship-package"
"thesis-technical-route-drawio"	"pass"	"C:\Users\18357\.claude\skills\thesis-technical-route-drawio"	"Junction"	"H:\T7\codex_downloads\repos\WyattJY-claude-skills\skills\thesis-technical-route-drawio"
"thesis-three-line-tables"	"pass"	"C:\Users\18357\.claude\skills\thesis-three-line-tables"	"Junction"	"H:\T7\codex_downloads\repos\WyattJY-claude-skills\skills\thesis-three-line-tables"
"ui-trends-watcher"	"pass"	"C:\Users\18357\.claude\skills\ui-trends-watcher"	"Junction"	"H:\T7\codex_downloads\repos\WyattJY-claude-skills\skills\ui-trends-watcher"
"weixin-daily-push"	"pass"	"C:\Users\18357\.claude\skills\weixin-daily-push"	"Junction"	"H:\T7\codex_downloads\repos\WyattJY-claude-skills\skills\weixin-daily-push"
"wyatt-product-team"	"pass"	"C:\Users\18357\.claude\skills\wyatt-product-team"	"Junction"	"H:\T7\codex_downloads\repos\WyattJY-claude-skills\skills\wyatt-product-team"
